<?xml version="1.0" encoding="UTF-8" standalone="yes"?>
<GenericMetadata xsi:schemaLocation="http://www.SDMX.org/resources/SDMXML/schemas/v2_0/genericmetadata SDMXGenericMetadata.xsd http://www.SDMX.org/resources/SDMXML/schemas/v2_0/message SDMXMessage.xsd" xmlns="http://www.SDMX.org/resources/SDMXML/schemas/v2_0/message" xmlns:genericmetadata="http://www.SDMX.org/resources/SDMXML/schemas/v2_0/genericmetadata" xmlns:common="http://www.SDMX.org/resources/SDMXML/schemas/v2_0/common" xmlns:compact="http://www.SDMX.org/resources/SDMXML/schemas/v2_0/compact" xmlns:cross="http://www.SDMX.org/resources/SDMXML/schemas/v2_0/cross" xmlns:generic="http://www.SDMX.org/resources/SDMXML/schemas/v2_0/generic" xmlns:structure="http://www.SDMX.org/resources/SDMXML/schemas/v2_0/structure" xmlns:xsi="http://www.w3.org/2001/XMLSchema-instance">
  <Header>
    <ID>GOVA_10MAINS_A</ID>
    <Test>false</Test>
    <Name>GOVA_10MAINS_A_4D_2023_95 (gov_10a_main_esms)</Name>
    <Prepared>21/08/2023 16:24:22</Prepared>
    <Sender id="4D0">
      <Contact/>
    </Sender>
    <DataSetID>GOVA_10MAINS_A_2023_95</DataSetID>
    <DataSetAction></DataSetAction>
    <Extracted></Extracted>
    <ReportingBegin>21/08/2023 16:24:22</ReportingBegin>
    <ReportingEnd>21/08/2023 16:24:22</ReportingEnd>
    <DataSetAgency>ESTAT</DataSetAgency>
  </Header>
  <genericmetadata:MetadataSet>
    <genericmetadata:MetadataStructureRef>ESMS_MSD</genericmetadata:MetadataStructureRef>
    <genericmetadata:MetadataStructureAgencyRef>ESTAT</genericmetadata:MetadataStructureAgencyRef>
    <genericmetadata:ReportRef>ESMS_REPORT_FULL</genericmetadata:ReportRef>
    <genericmetadata:AttributeValueSet>
      <genericmetadata:TargetRef>FULL_ESMS</genericmetadata:TargetRef>
      <genericmetadata:TargetValues>
        <genericmetadata:ComponentValue component="TIME_PERIOD" object="TimeDimension">2023</genericmetadata:ComponentValue>
        <genericmetadata:ComponentValue component=""><ReportedAttribute xmlns:xsi="http://www.w3.org/2001/XMLSchema-instance"><ReportedAttribute conceptID="CONTACT_ORGANISATION"><Value>Ministeri de Medi Ambient, Agricultura i Ramaderia</Value></ReportedAttribute><ReportedAttribute conceptID="ORGANISATION_UNIT"><Value>Departament d'Agricultura i Ramaderia</Value></ReportedAttribute><ReportedAttribute conceptID="CONTACT_NAME"><Value>Meritxell Roquet</Value></ReportedAttribute><ReportedAttribute conceptID="CONTACT_FUNCT"><Value>Tècnic</Value></ReportedAttribute><ReportedAttribute conceptID="CONTACT_MAIL"><Value>Edifici Administratiu del Prat del Rull, Camí de la Grau, AD500,  Andorra la Vella</Value></ReportedAttribute><ReportedAttribute conceptID="CONTACT_EMAIL"><Value>meritxell_roquet@govern.ad</Value></ReportedAttribute><ReportedAttribute conceptID="CONTACT_PHONE"><Value>+376 - 875717</Value></ReportedAttribute><ReportedAttribute conceptID="CONTACT_FAX"><Value xsi:nil="true" xmlns:xsi="http://www.w3.org/2001/XMLSchema-instance" /></ReportedAttribute></ReportedAttribute>"><ReportedAttribute xmlns:xsi="http://www.w3.org/2001/XMLSchema-instance"><ReportedAttribute conceptID="META_CERTIFIED"><Value>2022-03-01T00:00:002022-03-01T00:00:00</Value></ReportedAttribute><ReportedAttribute conceptID="META_POSTED"><Value>2022-06-01T12:42:52.673</Value></ReportedAttribute></ReportedAttribute>"><ReportedAttribute xmlns:xsi="http://www.w3.org/2001/XMLSchema-instance"><ReportedAttribute conceptID="DATA_DESCR"><Value>Ressenya de l'actuació: Explotació de dades sobre els efectius ramaders, a partir de la informació continguda en el Registre d'Explotacions Agràries i en el Registre d'Animals de Renda
Organisme/s col·laborador/s: Ramaders d'Andorra, SA
Origen de la informació: Dades d'origen administratiu
Periodicitat de la difusió de dades: Anual
Referència temporal dels resultats: Any-1
Principals variables: Nombre d'explotacions ramaderes per tipus i parròquia, Nombre d'animals per tipus i parròquia Nombre d'animals sacrificats per tipus</Value></ReportedAttribute><ReportedAttribute conceptID="CLASS_SYSTEM"><Value>No aplica</Value></ReportedAttribute><ReportedAttribute conceptID="COVERAGE_SECTOR"><Value>Quantitats comunicades al Departament d'Agricultura</Value></ReportedAttribute><ReportedAttribute conceptID="UNIT_MEASURE"><Value>Quilograms</Value></ReportedAttribute><ReportedAttribute conceptID="STAT_CONC_DEF"><Value>Producció agrícola per tipus de cultius.</Value></ReportedAttribute><ReportedAttribute conceptID="STAT_POP"><Value>Explotacions registrades al departament d'agricultura</Value></ReportedAttribute><ReportedAttribute conceptID="REF_AREA"><Value>Andorra</Value></ReportedAttribute><ReportedAttribute conceptID="COVERAGE_TIME"><Value>1988-AAAA</Value></ReportedAttribute><ReportedAttribute conceptID="BASE_PER"><Value>No</Value></ReportedAttribute></ReportedAttribute>"><ReportedAttribute xmlns:xsi="http://www.w3.org/2001/XMLSchema-instance"><ReportedAttribute conceptID="CONF_POLICY"><Value>Llei 2/2013, del 18 d'abril, de la funció de l'estadística pública.
Llei 28/2017, de 30 de novembre, del Pla d'estadística 2018-2021.
Llei 13/2022, de 12 de maig, del Pla d'estadística 2022-2025.
Llei 15/2003, del 18 de desembre, qualificada de protecció de dades personals.
Llei 29/2021, del 28 d'octubre, qualificada de protecció de dades personals.
A través de la Llei 2/2013, del 18 d'abril, de la funció de l'estadística pública i la Llei 15/2003, del 18 de desembre, qualificada de protecció de dades personals, es garanteix la confidencialitat de la informació. Tot el personal del DdE signa un document a través del qual es comprometen a complir el Secret Estadístic. Les infraccions administratives dels qui duen a terme l'activitat estadística poden ser lleus, greus o molt greus. Exemples d'aquestes últimes serien l'exigència d'informació per elaborar estadístiques sense l'existència de les normes reguladores corresponents, la utilització de dades estadístiques protegides pel secret estadístic per a finalitats no estadístiques, etc. i comporten sancions de 3.001 a 30.000 euros. L'intercanvi d'informació amb els usuaris externs es produeix sota una prèvia anonimització de les dades.</Value></ReportedAttribute><ReportedAttribute conceptID="CONF_DATA_TR"><Value>Cada tècnic del DdE només té accés a les dades de les activitats estadístiques que desenvolupa. D'aquesta manera, es garanteix la confidencialitat en el tractament de les dades dins la mateixa organització. El Departament de Sistemes d'Informació (DSI) gestiona els accessos als directoris, dades i microdades. Les dades en posessió del Departament d'estadística són exlcusivament tractades pels tècnics del departament. En el cas de que un prestador de serveis extern hagi de configurar un sistema d'informació, aquest queda sotmès al deure de secret estadístic i de confidencialitat, i opera els tractaments dins dels sistemes d'informació gestionats per el DSI, sense transferència d'informació.</Value></ReportedAttribute></ReportedAttribute>"><ReportedAttribute xmlns:xsi="http://www.w3.org/2001/XMLSchema-instance"><ReportedAttribute conceptID="REL_CAL_POLICY"><Value>La informació estadística es publica d'acord amb un calendari de publicacions aprovades segons el pla estadístic i tenint en compte el principi 6 d'Imparcialitat i objectivitat del Codi de bones pràctiques de les estadístiques europees del 16 de novembre de 2017 en què "Les autoritats estadístiques desenvolupen, elaboren i difonen estadístiques europees respectant la independència científica i de forma objetiva, professional i transparent, de manera que tots els usuaris rebin el mateix tracte."</Value></ReportedAttribute><ReportedAttribute conceptID="REL_CAL_ACCESS"><Value>El calendari es publica mitjançant les respectives notes de premsa, on s'anuncia la propera publicació. 
L'actualització de la pàgina web comportarà la publicació del calendari conjunt de totes les activitats estadístiques.</Value></ReportedAttribute><ReportedAttribute conceptID="REL_POL_US_AC"><Value>Les dades es difonen a tots els usuaris a través del Portal Oficial d'Estadística. 
Les dades es publiquen simultàniament a totes les parts interessades mitjançant l'emissió d'un comunicat de premsa i l'actualització de la informació de la Base de Dades d'Indicadors del Portal Oficial d'Estadística.
 Al mateix temps que la nota de premsa també s'envia per twitter als usuaris subscrits. 
El comunicat de premsa s'emet només en català (la versió en anglès només inclou el resum).</Value></ReportedAttribute></ReportedAttribute>"><ReportedAttribute xmlns:xsi="http://www.w3.org/2001/XMLSchema-instance"><ReportedAttribute conceptID="NEWS_REL"><Value>Primera publicació anterior a l'any 2018</Value></ReportedAttribute><ReportedAttribute conceptID="PUBLICATIONS"><Value>Base de dades
Notes de premsa
Actualitat estadística
Butlletí mensual de conjuntura
Andorra en xifres
Quadres de comandamant 
E-GDDS</Value></ReportedAttribute><ReportedAttribute conceptID="ONLINE_DB"><Value>Enllaç a l'apartat de dades de la base de dades de la pàgina web.</Value></ReportedAttribute><ReportedAttribute conceptID="MICRO_DAT_ACC"><Value>No</Value></ReportedAttribute><ReportedAttribute conceptID="DISS_OTHER"><Value>Existeix la possibilitat de sol·licitar informació a la carta a l'àrea de coordinació estadística. A l'hora de processar dites peticions es tenen en compte limitacions sobre la confidencialitat o la precisió. Les estadístiques es presenten de forma clara i comprensible, es difonen en formats estandaritzats, l’accés a metadades i orientació de suport.</Value></ReportedAttribute><ReportedAttribute conceptID="DOC_METHOD"><Value>A168_MPROC_NI_TC</Value></ReportedAttribute><ReportedAttribute conceptID="QUALITY_DOC"><Value>Enllaç a l'apartat de la pàgina web relatiu als informes de qualitat i gestió</Value></ReportedAttribute></ReportedAttribute>"><ReportedAttribute xmlns:xsi="http://www.w3.org/2001/XMLSchema-instance"><ReportedAttribute conceptID="QUALITY_ASSURE"><Value>El marc de garantia de qualitat per a les estadístiques del DdE està basat en el ESSCoP, el Codi de Bones pràctiques de les Estadístiques Europees d'EUROSTAT. El ESSCoP consta de 16 principis, agrupats en tres àrees: Entorn Institucional, Processos i Productes. Cada principi té associat una sèrie d'indicadors que permeten la seva mida. Per valorar la qualitat s'utilitzen diferents eines proporcionades per EUROSTAT: els indicadors ja esmentats, l'autoavaluació inspirada en el model DESAP, la Revisió per homòlegs (Peer Review), les enquestes de satisfacció d'usuaris, i altres procediments d'avaluació.</Value></ReportedAttribute><ReportedAttribute conceptID="QUALITY_ASSMNT"><Value>L'any 2020 s'ha incorporat en l'informe anyal de qualitat la metodologia proposada per Eurostat dins del marc del “European Statistical System Peer Reviews”. Aquesta metodologia recull els aspectes qualitatius de l’aplicació dels principis estadístics recollits en la Llei 2/2013 de la funció estadística, així com el codi europeu de bones practiques estadístiques. De la seva aplicació se’n conclou la necessitat de dur a terme dues accions que han de permetre la millora de la majoria d’indicadors, i de retruc de la qualitat de les estadístiques produïdes o difoses.
L'any 2021 s'ha implemementat el Manual per la elaboració d'informes de qualitat i metadades a partir del qual s'han construit els conceptes i metadades necessaris per l'elaboració dels informes d'usuaris i productors.
La proposta de pla estadístic per el període 2022-2025 recomanada el desenvolupament de les activitats A229-Model gèneric del procès estadístic, basada en la metodologia GSBPM del grup de treball de l'ONU (Modern Stats), per l'analisi i seguiment del procès de conceptualització, produccció, analisi i difusió estadística, així com de l'activitat A230-Model genèric de la informació estadística, basada en la metodologia GSIM del grup de treball de l'ONU, per a l'organització i harmonització de la infromació produïda. Ambdues activitats s'han de dur a terme per el conjunt d'activitast del pla, durant els propers quatre anys.</Value></ReportedAttribute></ReportedAttribute>"><ReportedAttribute xmlns:xsi="http://www.w3.org/2001/XMLSchema-instance"><ReportedAttribute conceptID="USER_NEEDS"><Value>En termes generals, els usuaris tenen les necessitats d'obtenir els Key ouputs de cada estadística amb puntualitat i precisió a l'hora de la seva difusió, que aquestes es relacionin amb altres dades o poder tenir accés a les microdades.

L'obtenció d'informació sobre les necessitats dels usuaris i els usos per als quals es necessiten les dades s'aconsegueix mitjançant enquestes als grups d'usuaris, amb caràcter quadriennal amb l'objectiu de configurar els nous plans d'estadística.
Del tractament de les consultes dirigides al Departament d'estadística, així com de les conclusions del resultat dels treballs en projectes amb altres organismes, els integrants del departament ajusten la disponiblitat vigent, en funció de la qualitat de les  dades en registres administratius i enquestes, procediments interns, i el respecte del secret estadístic.</Value></ReportedAttribute><ReportedAttribute conceptID="USER_SAT"><Value>Es realitza una enquesta quadrianual per a saber el nivell de satisfacció dels usuaris on se'ls hi demana, per cada un dels àmbits estadístics, la freqüència d'ús de cada activitat estadística, la prioritat que desitja per cada activitat estadística, així com una valoració de l'adaptació de les estadístiques als principis de l'estadística oficial (Precisió i fiabilitat, Oportunitat i puntualitat, Coherència i comparabilitat, Accessibilitat i claredat i Rellevància). 

També s'avalua la satisfacció dels usuaris a través de les consultes que realitzen al DdE i amb el nombre d'accessos que realitzen al web.</Value></ReportedAttribute><ReportedAttribute conceptID="COMPLETENESS"><Value>El compliment de les variables incloses en el programa 2021 és del 100%.</Value></ReportedAttribute></ReportedAttribute>"><ReportedAttribute xmlns:xsi="http://www.w3.org/2001/XMLSchema-instance"><ReportedAttribute conceptID="ACCURACY_OVERALL"><Value>Informació d'origen administratiu, per la qual és tracta la totalitat dels registres.
La precisió dels resultats extrets s'avalua amb els controls de consistència interns de l'operació, i mitjançant el creuament amb els registres administratius.
El marc general és resoldre les incidències entre registres a la font d'origen de la informació</Value></ReportedAttribute><ReportedAttribute conceptID="SAMPLING_ERR"><Value>No aplicable a aquesta estadística, per tractar-se d'una estadística de síntesi, elaborada a partir d'altres fonts estadístiques, i no una enquesta per mostreig</Value></ReportedAttribute><ReportedAttribute conceptID="NONSAMPLING"><Value>No aplicable a aquesta estadística, per tractar-se d'una estadística de síntesi, elaborada a partir d'altres fonts estadístiques, i no una enquesta per mostreig</Value></ReportedAttribute></ReportedAttribute>"><ReportedAttribute xmlns:xsi="http://www.w3.org/2001/XMLSchema-instance"><ReportedAttribute conceptID="COMPAR_GEO"><Value>Les dades són comparables entre parròquies i entre la resta de països de la Unió Europea.</Value></ReportedAttribute><ReportedAttribute conceptID="COMPAR_TIME"><Value>Les sèries estadístiques són construïdes en base a la comparabilitat temporal.
Les revisions de dades impliquen una modificació dels valors històrics.
Les modificacions és registren en el capítol 17.</Value></ReportedAttribute><ReportedAttribute conceptID="COHER_X_DOM"><Value>Les metodologies aplicades vetllen per la comparabilitat entre operacions i/o registres administratius.</Value></ReportedAttribute><ReportedAttribute conceptID="COHER_INTERNAL"><Value>El conjunt de resultats és coherent internament.</Value></ReportedAttribute></ReportedAttribute>"><ReportedAttribute xmlns:xsi="http://www.w3.org/2001/XMLSchema-instance"><ReportedAttribute conceptID="REV_POLICY"><Value>El Departament d'Estadística manté una Política que regula els aspectes bàsics de la revisió de les dades estadístiques, garantitzant la transparència dels processos i la qualitat dels productes.
Tots els canvis de revisions de dades s'anuncien en l'apartat de "Notes" destinat a aquests efectes.
Les revisions de dades s'emmarquen en l'actualització de les dades d'origen, després dels períodes de provisionalitat definits, actualització de la comprabilitat interna o externa amb noves fonts o registres i noves activitats estadístiques.</Value></ReportedAttribute><ReportedAttribute conceptID="REV_PRACTICE"><Value>La revisió de dades provinents dels registres administratius s'ajusten i s'actualitzen en funció de la seva particularitat.</Value></ReportedAttribute></ReportedAttribute>"><ReportedAttribute xmlns:xsi="http://www.w3.org/2001/XMLSchema-instance"><ReportedAttribute conceptID="SOURCE_TYPE"><Value>Es tracta d'una estadística de síntesi, elaborada a partir de resultats procedents de diferents fonts. Dades d'origen provinents del Departament d'Agricultura.</Value></ReportedAttribute><ReportedAttribute conceptID="FREQ_COLL"><Value>Les dades es recullen una vegada a l'any.</Value></ReportedAttribute><ReportedAttribute conceptID="COLL_METHOD"><Value>Transcripció de document administratiu</Value></ReportedAttribute><ReportedAttribute conceptID="DATA_VALIDATION"><Value>Els processos de tractament de la infromació inclouen controls de coherència interna.
Els resultats i cohorts són contratstats amb fonts administratives externes.
L'analisi i publicació dels resultats inclou la validació de la coherència temporal.</Value></ReportedAttribute><ReportedAttribute conceptID="DATA_COMP"><Value>Una vegada es comprova la validesa del fitxer rebut, es recodifiquen i es transformen determinades variables. En una fase posterior es detecten i corregeixen les inconsistències entre variables. Finalitzada la depuració, s'obtenen variables derivades i taules de resultats.</Value></ReportedAttribute><ReportedAttribute conceptID="ADJUSTMENT"><Value>Les dades publicades al web no presenten cap ajustament estacional tot i que a les notes de premsa sí que es presenta gràficament aquest ajustament estacional.</Value></ReportedAttribute></ReportedAttribute>"><ReportedAttribute xmlns:xsi="http://www.w3.org/2001/XMLSchema-instance"><ReportedAttribute conceptID="COMMENT_DSET"><Value xsi:nil="true" xmlns:xsi="http://www.w3.org/2001/XMLSchema-instance" /></ReportedAttribute></ReportedAttribute>_PROVIDER" object="DataProvider">4D0</genericmetadata:ComponentValue>
        <genericmetadata:ComponentValue component=""><ReportedAttribute xmlns:xsi="http://www.w3.org/2001/XMLSchema-instance"><ReportedAttribute conceptID="CONTACT_ORGANISATION"><Value>Ministeri de Medi Ambient, Agricultura i Ramaderia</Value></ReportedAttribute><ReportedAttribute conceptID="ORGANISATION_UNIT"><Value>Departament d'Agricultura i Ramaderia</Value></ReportedAttribute><ReportedAttribute conceptID="CONTACT_NAME"><Value>Meritxell Roquet</Value></ReportedAttribute><ReportedAttribute conceptID="CONTACT_FUNCT"><Value>Tècnic</Value></ReportedAttribute><ReportedAttribute conceptID="CONTACT_MAIL"><Value>Edifici Administratiu del Prat del Rull, Camí de la Grau, AD500,  Andorra la Vella</Value></ReportedAttribute><ReportedAttribute conceptID="CONTACT_EMAIL"><Value>meritxell_roquet@govern.ad</Value></ReportedAttribute><ReportedAttribute conceptID="CONTACT_PHONE"><Value>+376 - 875717</Value></ReportedAttribute><ReportedAttribute conceptID="CONTACT_FAX"><Value xsi:nil="true" xmlns:xsi="http://www.w3.org/2001/XMLSchema-instance" /></ReportedAttribute></ReportedAttribute>"><ReportedAttribute xmlns:xsi="http://www.w3.org/2001/XMLSchema-instance"><ReportedAttribute conceptID="META_CERTIFIED"><Value>2022-03-01T00:00:002022-03-01T00:00:00</Value></ReportedAttribute><ReportedAttribute conceptID="META_POSTED"><Value>2022-06-01T12:42:52.673</Value></ReportedAttribute></ReportedAttribute>"><ReportedAttribute xmlns:xsi="http://www.w3.org/2001/XMLSchema-instance"><ReportedAttribute conceptID="DATA_DESCR"><Value>Ressenya de l'actuació: Explotació de dades sobre els efectius ramaders, a partir de la informació continguda en el Registre d'Explotacions Agràries i en el Registre d'Animals de Renda
Organisme/s col·laborador/s: Ramaders d'Andorra, SA
Origen de la informació: Dades d'origen administratiu
Periodicitat de la difusió de dades: Anual
Referència temporal dels resultats: Any-1
Principals variables: Nombre d'explotacions ramaderes per tipus i parròquia, Nombre d'animals per tipus i parròquia Nombre d'animals sacrificats per tipus</Value></ReportedAttribute><ReportedAttribute conceptID="CLASS_SYSTEM"><Value>No aplica</Value></ReportedAttribute><ReportedAttribute conceptID="COVERAGE_SECTOR"><Value>Quantitats comunicades al Departament d'Agricultura</Value></ReportedAttribute><ReportedAttribute conceptID="UNIT_MEASURE"><Value>Quilograms</Value></ReportedAttribute><ReportedAttribute conceptID="STAT_CONC_DEF"><Value>Producció agrícola per tipus de cultius.</Value></ReportedAttribute><ReportedAttribute conceptID="STAT_POP"><Value>Explotacions registrades al departament d'agricultura</Value></ReportedAttribute><ReportedAttribute conceptID="REF_AREA"><Value>Andorra</Value></ReportedAttribute><ReportedAttribute conceptID="COVERAGE_TIME"><Value>1988-AAAA</Value></ReportedAttribute><ReportedAttribute conceptID="BASE_PER"><Value>No</Value></ReportedAttribute></ReportedAttribute>"><ReportedAttribute xmlns:xsi="http://www.w3.org/2001/XMLSchema-instance"><ReportedAttribute conceptID="CONF_POLICY"><Value>Llei 2/2013, del 18 d'abril, de la funció de l'estadística pública.
Llei 28/2017, de 30 de novembre, del Pla d'estadística 2018-2021.
Llei 13/2022, de 12 de maig, del Pla d'estadística 2022-2025.
Llei 15/2003, del 18 de desembre, qualificada de protecció de dades personals.
Llei 29/2021, del 28 d'octubre, qualificada de protecció de dades personals.
A través de la Llei 2/2013, del 18 d'abril, de la funció de l'estadística pública i la Llei 15/2003, del 18 de desembre, qualificada de protecció de dades personals, es garanteix la confidencialitat de la informació. Tot el personal del DdE signa un document a través del qual es comprometen a complir el Secret Estadístic. Les infraccions administratives dels qui duen a terme l'activitat estadística poden ser lleus, greus o molt greus. Exemples d'aquestes últimes serien l'exigència d'informació per elaborar estadístiques sense l'existència de les normes reguladores corresponents, la utilització de dades estadístiques protegides pel secret estadístic per a finalitats no estadístiques, etc. i comporten sancions de 3.001 a 30.000 euros. L'intercanvi d'informació amb els usuaris externs es produeix sota una prèvia anonimització de les dades.</Value></ReportedAttribute><ReportedAttribute conceptID="CONF_DATA_TR"><Value>Cada tècnic del DdE només té accés a les dades de les activitats estadístiques que desenvolupa. D'aquesta manera, es garanteix la confidencialitat en el tractament de les dades dins la mateixa organització. El Departament de Sistemes d'Informació (DSI) gestiona els accessos als directoris, dades i microdades. Les dades en posessió del Departament d'estadística són exlcusivament tractades pels tècnics del departament. En el cas de que un prestador de serveis extern hagi de configurar un sistema d'informació, aquest queda sotmès al deure de secret estadístic i de confidencialitat, i opera els tractaments dins dels sistemes d'informació gestionats per el DSI, sense transferència d'informació.</Value></ReportedAttribute></ReportedAttribute>"><ReportedAttribute xmlns:xsi="http://www.w3.org/2001/XMLSchema-instance"><ReportedAttribute conceptID="REL_CAL_POLICY"><Value>La informació estadística es publica d'acord amb un calendari de publicacions aprovades segons el pla estadístic i tenint en compte el principi 6 d'Imparcialitat i objectivitat del Codi de bones pràctiques de les estadístiques europees del 16 de novembre de 2017 en què "Les autoritats estadístiques desenvolupen, elaboren i difonen estadístiques europees respectant la independència científica i de forma objetiva, professional i transparent, de manera que tots els usuaris rebin el mateix tracte."</Value></ReportedAttribute><ReportedAttribute conceptID="REL_CAL_ACCESS"><Value>El calendari es publica mitjançant les respectives notes de premsa, on s'anuncia la propera publicació. 
L'actualització de la pàgina web comportarà la publicació del calendari conjunt de totes les activitats estadístiques.</Value></ReportedAttribute><ReportedAttribute conceptID="REL_POL_US_AC"><Value>Les dades es difonen a tots els usuaris a través del Portal Oficial d'Estadística. 
Les dades es publiquen simultàniament a totes les parts interessades mitjançant l'emissió d'un comunicat de premsa i l'actualització de la informació de la Base de Dades d'Indicadors del Portal Oficial d'Estadística.
 Al mateix temps que la nota de premsa també s'envia per twitter als usuaris subscrits. 
El comunicat de premsa s'emet només en català (la versió en anglès només inclou el resum).</Value></ReportedAttribute></ReportedAttribute>"><ReportedAttribute xmlns:xsi="http://www.w3.org/2001/XMLSchema-instance"><ReportedAttribute conceptID="NEWS_REL"><Value>Primera publicació anterior a l'any 2018</Value></ReportedAttribute><ReportedAttribute conceptID="PUBLICATIONS"><Value>Base de dades
Notes de premsa
Actualitat estadística
Butlletí mensual de conjuntura
Andorra en xifres
Quadres de comandamant 
E-GDDS</Value></ReportedAttribute><ReportedAttribute conceptID="ONLINE_DB"><Value>Enllaç a l'apartat de dades de la base de dades de la pàgina web.</Value></ReportedAttribute><ReportedAttribute conceptID="MICRO_DAT_ACC"><Value>No</Value></ReportedAttribute><ReportedAttribute conceptID="DISS_OTHER"><Value>Existeix la possibilitat de sol·licitar informació a la carta a l'àrea de coordinació estadística. A l'hora de processar dites peticions es tenen en compte limitacions sobre la confidencialitat o la precisió. Les estadístiques es presenten de forma clara i comprensible, es difonen en formats estandaritzats, l’accés a metadades i orientació de suport.</Value></ReportedAttribute><ReportedAttribute conceptID="DOC_METHOD"><Value>A168_MPROC_NI_TC</Value></ReportedAttribute><ReportedAttribute conceptID="QUALITY_DOC"><Value>Enllaç a l'apartat de la pàgina web relatiu als informes de qualitat i gestió</Value></ReportedAttribute></ReportedAttribute>"><ReportedAttribute xmlns:xsi="http://www.w3.org/2001/XMLSchema-instance"><ReportedAttribute conceptID="QUALITY_ASSURE"><Value>El marc de garantia de qualitat per a les estadístiques del DdE està basat en el ESSCoP, el Codi de Bones pràctiques de les Estadístiques Europees d'EUROSTAT. El ESSCoP consta de 16 principis, agrupats en tres àrees: Entorn Institucional, Processos i Productes. Cada principi té associat una sèrie d'indicadors que permeten la seva mida. Per valorar la qualitat s'utilitzen diferents eines proporcionades per EUROSTAT: els indicadors ja esmentats, l'autoavaluació inspirada en el model DESAP, la Revisió per homòlegs (Peer Review), les enquestes de satisfacció d'usuaris, i altres procediments d'avaluació.</Value></ReportedAttribute><ReportedAttribute conceptID="QUALITY_ASSMNT"><Value>L'any 2020 s'ha incorporat en l'informe anyal de qualitat la metodologia proposada per Eurostat dins del marc del “European Statistical System Peer Reviews”. Aquesta metodologia recull els aspectes qualitatius de l’aplicació dels principis estadístics recollits en la Llei 2/2013 de la funció estadística, així com el codi europeu de bones practiques estadístiques. De la seva aplicació se’n conclou la necessitat de dur a terme dues accions que han de permetre la millora de la majoria d’indicadors, i de retruc de la qualitat de les estadístiques produïdes o difoses.
L'any 2021 s'ha implemementat el Manual per la elaboració d'informes de qualitat i metadades a partir del qual s'han construit els conceptes i metadades necessaris per l'elaboració dels informes d'usuaris i productors.
La proposta de pla estadístic per el període 2022-2025 recomanada el desenvolupament de les activitats A229-Model gèneric del procès estadístic, basada en la metodologia GSBPM del grup de treball de l'ONU (Modern Stats), per l'analisi i seguiment del procès de conceptualització, produccció, analisi i difusió estadística, així com de l'activitat A230-Model genèric de la informació estadística, basada en la metodologia GSIM del grup de treball de l'ONU, per a l'organització i harmonització de la infromació produïda. Ambdues activitats s'han de dur a terme per el conjunt d'activitast del pla, durant els propers quatre anys.</Value></ReportedAttribute></ReportedAttribute>"><ReportedAttribute xmlns:xsi="http://www.w3.org/2001/XMLSchema-instance"><ReportedAttribute conceptID="USER_NEEDS"><Value>En termes generals, els usuaris tenen les necessitats d'obtenir els Key ouputs de cada estadística amb puntualitat i precisió a l'hora de la seva difusió, que aquestes es relacionin amb altres dades o poder tenir accés a les microdades.

L'obtenció d'informació sobre les necessitats dels usuaris i els usos per als quals es necessiten les dades s'aconsegueix mitjançant enquestes als grups d'usuaris, amb caràcter quadriennal amb l'objectiu de configurar els nous plans d'estadística.
Del tractament de les consultes dirigides al Departament d'estadística, així com de les conclusions del resultat dels treballs en projectes amb altres organismes, els integrants del departament ajusten la disponiblitat vigent, en funció de la qualitat de les  dades en registres administratius i enquestes, procediments interns, i el respecte del secret estadístic.</Value></ReportedAttribute><ReportedAttribute conceptID="USER_SAT"><Value>Es realitza una enquesta quadrianual per a saber el nivell de satisfacció dels usuaris on se'ls hi demana, per cada un dels àmbits estadístics, la freqüència d'ús de cada activitat estadística, la prioritat que desitja per cada activitat estadística, així com una valoració de l'adaptació de les estadístiques als principis de l'estadística oficial (Precisió i fiabilitat, Oportunitat i puntualitat, Coherència i comparabilitat, Accessibilitat i claredat i Rellevància). 

També s'avalua la satisfacció dels usuaris a través de les consultes que realitzen al DdE i amb el nombre d'accessos que realitzen al web.</Value></ReportedAttribute><ReportedAttribute conceptID="COMPLETENESS"><Value>El compliment de les variables incloses en el programa 2021 és del 100%.</Value></ReportedAttribute></ReportedAttribute>"><ReportedAttribute xmlns:xsi="http://www.w3.org/2001/XMLSchema-instance"><ReportedAttribute conceptID="ACCURACY_OVERALL"><Value>Informació d'origen administratiu, per la qual és tracta la totalitat dels registres.
La precisió dels resultats extrets s'avalua amb els controls de consistència interns de l'operació, i mitjançant el creuament amb els registres administratius.
El marc general és resoldre les incidències entre registres a la font d'origen de la informació</Value></ReportedAttribute><ReportedAttribute conceptID="SAMPLING_ERR"><Value>No aplicable a aquesta estadística, per tractar-se d'una estadística de síntesi, elaborada a partir d'altres fonts estadístiques, i no una enquesta per mostreig</Value></ReportedAttribute><ReportedAttribute conceptID="NONSAMPLING"><Value>No aplicable a aquesta estadística, per tractar-se d'una estadística de síntesi, elaborada a partir d'altres fonts estadístiques, i no una enquesta per mostreig</Value></ReportedAttribute></ReportedAttribute>"><ReportedAttribute xmlns:xsi="http://www.w3.org/2001/XMLSchema-instance"><ReportedAttribute conceptID="COMPAR_GEO"><Value>Les dades són comparables entre parròquies i entre la resta de països de la Unió Europea.</Value></ReportedAttribute><ReportedAttribute conceptID="COMPAR_TIME"><Value>Les sèries estadístiques són construïdes en base a la comparabilitat temporal.
Les revisions de dades impliquen una modificació dels valors històrics.
Les modificacions és registren en el capítol 17.</Value></ReportedAttribute><ReportedAttribute conceptID="COHER_X_DOM"><Value>Les metodologies aplicades vetllen per la comparabilitat entre operacions i/o registres administratius.</Value></ReportedAttribute><ReportedAttribute conceptID="COHER_INTERNAL"><Value>El conjunt de resultats és coherent internament.</Value></ReportedAttribute></ReportedAttribute>"><ReportedAttribute xmlns:xsi="http://www.w3.org/2001/XMLSchema-instance"><ReportedAttribute conceptID="REV_POLICY"><Value>El Departament d'Estadística manté una Política que regula els aspectes bàsics de la revisió de les dades estadístiques, garantitzant la transparència dels processos i la qualitat dels productes.
Tots els canvis de revisions de dades s'anuncien en l'apartat de "Notes" destinat a aquests efectes.
Les revisions de dades s'emmarquen en l'actualització de les dades d'origen, després dels períodes de provisionalitat definits, actualització de la comprabilitat interna o externa amb noves fonts o registres i noves activitats estadístiques.</Value></ReportedAttribute><ReportedAttribute conceptID="REV_PRACTICE"><Value>La revisió de dades provinents dels registres administratius s'ajusten i s'actualitzen en funció de la seva particularitat.</Value></ReportedAttribute></ReportedAttribute>"><ReportedAttribute xmlns:xsi="http://www.w3.org/2001/XMLSchema-instance"><ReportedAttribute conceptID="SOURCE_TYPE"><Value>Es tracta d'una estadística de síntesi, elaborada a partir de resultats procedents de diferents fonts. Dades d'origen provinents del Departament d'Agricultura.</Value></ReportedAttribute><ReportedAttribute conceptID="FREQ_COLL"><Value>Les dades es recullen una vegada a l'any.</Value></ReportedAttribute><ReportedAttribute conceptID="COLL_METHOD"><Value>Transcripció de document administratiu</Value></ReportedAttribute><ReportedAttribute conceptID="DATA_VALIDATION"><Value>Els processos de tractament de la infromació inclouen controls de coherència interna.
Els resultats i cohorts són contratstats amb fonts administratives externes.
L'analisi i publicació dels resultats inclou la validació de la coherència temporal.</Value></ReportedAttribute><ReportedAttribute conceptID="DATA_COMP"><Value>Una vegada es comprova la validesa del fitxer rebut, es recodifiquen i es transformen determinades variables. En una fase posterior es detecten i corregeixen les inconsistències entre variables. Finalitzada la depuració, s'obtenen variables derivades i taules de resultats.</Value></ReportedAttribute><ReportedAttribute conceptID="ADJUSTMENT"><Value>Les dades publicades al web no presenten cap ajustament estacional tot i que a les notes de premsa sí que es presenta gràficament aquest ajustament estacional.</Value></ReportedAttribute></ReportedAttribute>"><ReportedAttribute xmlns:xsi="http://www.w3.org/2001/XMLSchema-instance"><ReportedAttribute conceptID="COMMENT_DSET"><Value xsi:nil="true" xmlns:xsi="http://www.w3.org/2001/XMLSchema-instance" /></ReportedAttribute></ReportedAttribute>FLOW" object="DataFlow">GOVA_10MAINS_A:1.0</genericmetadata:ComponentValue>
      </genericmetadata:TargetValues>
      
      "><ReportedAttribute xmlns:xsi="http://www.w3.org/2001/XMLSchema-instance"><ReportedAttribute conceptID="CONTACT_ORGANISATION"><Value>Ministeri de Medi Ambient, Agricultura i Ramaderia</Value></ReportedAttribute><ReportedAttribute conceptID="ORGANISATION_UNIT"><Value>Departament d'Agricultura i Ramaderia</Value></ReportedAttribute><ReportedAttribute conceptID="CONTACT_NAME"><Value>Meritxell Roquet</Value></ReportedAttribute><ReportedAttribute conceptID="CONTACT_FUNCT"><Value>Tècnic</Value></ReportedAttribute><ReportedAttribute conceptID="CONTACT_MAIL"><Value>Edifici Administratiu del Prat del Rull, Camí de la Grau, AD500,  Andorra la Vella</Value></ReportedAttribute><ReportedAttribute conceptID="CONTACT_EMAIL"><Value>meritxell_roquet@govern.ad</Value></ReportedAttribute><ReportedAttribute conceptID="CONTACT_PHONE"><Value>+376 - 875717</Value></ReportedAttribute><ReportedAttribute conceptID="CONTACT_FAX"><Value xsi:nil="true" xmlns:xsi="http://www.w3.org/2001/XMLSchema-instance" /></ReportedAttribute></ReportedAttribute>"><ReportedAttribute xmlns:xsi="http://www.w3.org/2001/XMLSchema-instance"><ReportedAttribute conceptID="META_CERTIFIED"><Value>2022-03-01T00:00:002022-03-01T00:00:00</Value></ReportedAttribute><ReportedAttribute conceptID="META_POSTED"><Value>2022-06-01T12:42:52.673</Value></ReportedAttribute></ReportedAttribute>"><ReportedAttribute xmlns:xsi="http://www.w3.org/2001/XMLSchema-instance"><ReportedAttribute conceptID="DATA_DESCR"><Value>Ressenya de l'actuació: Explotació de dades sobre els efectius ramaders, a partir de la informació continguda en el Registre d'Explotacions Agràries i en el Registre d'Animals de Renda
Organisme/s col·laborador/s: Ramaders d'Andorra, SA
Origen de la informació: Dades d'origen administratiu
Periodicitat de la difusió de dades: Anual
Referència temporal dels resultats: Any-1
Principals variables: Nombre d'explotacions ramaderes per tipus i parròquia, Nombre d'animals per tipus i parròquia Nombre d'animals sacrificats per tipus</Value></ReportedAttribute><ReportedAttribute conceptID="CLASS_SYSTEM"><Value>No aplica</Value></ReportedAttribute><ReportedAttribute conceptID="COVERAGE_SECTOR"><Value>Quantitats comunicades al Departament d'Agricultura</Value></ReportedAttribute><ReportedAttribute conceptID="UNIT_MEASURE"><Value>Quilograms</Value></ReportedAttribute><ReportedAttribute conceptID="STAT_CONC_DEF"><Value>Producció agrícola per tipus de cultius.</Value></ReportedAttribute><ReportedAttribute conceptID="STAT_POP"><Value>Explotacions registrades al departament d'agricultura</Value></ReportedAttribute><ReportedAttribute conceptID="REF_AREA"><Value>Andorra</Value></ReportedAttribute><ReportedAttribute conceptID="COVERAGE_TIME"><Value>1988-AAAA</Value></ReportedAttribute><ReportedAttribute conceptID="BASE_PER"><Value>No</Value></ReportedAttribute></ReportedAttribute>"><ReportedAttribute xmlns:xsi="http://www.w3.org/2001/XMLSchema-instance"><ReportedAttribute conceptID="CONF_POLICY"><Value>Llei 2/2013, del 18 d'abril, de la funció de l'estadística pública.
Llei 28/2017, de 30 de novembre, del Pla d'estadística 2018-2021.
Llei 13/2022, de 12 de maig, del Pla d'estadística 2022-2025.
Llei 15/2003, del 18 de desembre, qualificada de protecció de dades personals.
Llei 29/2021, del 28 d'octubre, qualificada de protecció de dades personals.
A través de la Llei 2/2013, del 18 d'abril, de la funció de l'estadística pública i la Llei 15/2003, del 18 de desembre, qualificada de protecció de dades personals, es garanteix la confidencialitat de la informació. Tot el personal del DdE signa un document a través del qual es comprometen a complir el Secret Estadístic. Les infraccions administratives dels qui duen a terme l'activitat estadística poden ser lleus, greus o molt greus. Exemples d'aquestes últimes serien l'exigència d'informació per elaborar estadístiques sense l'existència de les normes reguladores corresponents, la utilització de dades estadístiques protegides pel secret estadístic per a finalitats no estadístiques, etc. i comporten sancions de 3.001 a 30.000 euros. L'intercanvi d'informació amb els usuaris externs es produeix sota una prèvia anonimització de les dades.</Value></ReportedAttribute><ReportedAttribute conceptID="CONF_DATA_TR"><Value>Cada tècnic del DdE només té accés a les dades de les activitats estadístiques que desenvolupa. D'aquesta manera, es garanteix la confidencialitat en el tractament de les dades dins la mateixa organització. El Departament de Sistemes d'Informació (DSI) gestiona els accessos als directoris, dades i microdades. Les dades en posessió del Departament d'estadística són exlcusivament tractades pels tècnics del departament. En el cas de que un prestador de serveis extern hagi de configurar un sistema d'informació, aquest queda sotmès al deure de secret estadístic i de confidencialitat, i opera els tractaments dins dels sistemes d'informació gestionats per el DSI, sense transferència d'informació.</Value></ReportedAttribute></ReportedAttribute>"><ReportedAttribute xmlns:xsi="http://www.w3.org/2001/XMLSchema-instance"><ReportedAttribute conceptID="REL_CAL_POLICY"><Value>La informació estadística es publica d'acord amb un calendari de publicacions aprovades segons el pla estadístic i tenint en compte el principi 6 d'Imparcialitat i objectivitat del Codi de bones pràctiques de les estadístiques europees del 16 de novembre de 2017 en què "Les autoritats estadístiques desenvolupen, elaboren i difonen estadístiques europees respectant la independència científica i de forma objetiva, professional i transparent, de manera que tots els usuaris rebin el mateix tracte."</Value></ReportedAttribute><ReportedAttribute conceptID="REL_CAL_ACCESS"><Value>El calendari es publica mitjançant les respectives notes de premsa, on s'anuncia la propera publicació. 
L'actualització de la pàgina web comportarà la publicació del calendari conjunt de totes les activitats estadístiques.</Value></ReportedAttribute><ReportedAttribute conceptID="REL_POL_US_AC"><Value>Les dades es difonen a tots els usuaris a través del Portal Oficial d'Estadística. 
Les dades es publiquen simultàniament a totes les parts interessades mitjançant l'emissió d'un comunicat de premsa i l'actualització de la informació de la Base de Dades d'Indicadors del Portal Oficial d'Estadística.
 Al mateix temps que la nota de premsa també s'envia per twitter als usuaris subscrits. 
El comunicat de premsa s'emet només en català (la versió en anglès només inclou el resum).</Value></ReportedAttribute></ReportedAttribute>"><ReportedAttribute xmlns:xsi="http://www.w3.org/2001/XMLSchema-instance"><ReportedAttribute conceptID="NEWS_REL"><Value>Primera publicació anterior a l'any 2018</Value></ReportedAttribute><ReportedAttribute conceptID="PUBLICATIONS"><Value>Base de dades
Notes de premsa
Actualitat estadística
Butlletí mensual de conjuntura
Andorra en xifres
Quadres de comandamant 
E-GDDS</Value></ReportedAttribute><ReportedAttribute conceptID="ONLINE_DB"><Value>Enllaç a l'apartat de dades de la base de dades de la pàgina web.</Value></ReportedAttribute><ReportedAttribute conceptID="MICRO_DAT_ACC"><Value>No</Value></ReportedAttribute><ReportedAttribute conceptID="DISS_OTHER"><Value>Existeix la possibilitat de sol·licitar informació a la carta a l'àrea de coordinació estadística. A l'hora de processar dites peticions es tenen en compte limitacions sobre la confidencialitat o la precisió. Les estadístiques es presenten de forma clara i comprensible, es difonen en formats estandaritzats, l’accés a metadades i orientació de suport.</Value></ReportedAttribute><ReportedAttribute conceptID="DOC_METHOD"><Value>A168_MPROC_NI_TC</Value></ReportedAttribute><ReportedAttribute conceptID="QUALITY_DOC"><Value>Enllaç a l'apartat de la pàgina web relatiu als informes de qualitat i gestió</Value></ReportedAttribute></ReportedAttribute>"><ReportedAttribute xmlns:xsi="http://www.w3.org/2001/XMLSchema-instance"><ReportedAttribute conceptID="QUALITY_ASSURE"><Value>El marc de garantia de qualitat per a les estadístiques del DdE està basat en el ESSCoP, el Codi de Bones pràctiques de les Estadístiques Europees d'EUROSTAT. El ESSCoP consta de 16 principis, agrupats en tres àrees: Entorn Institucional, Processos i Productes. Cada principi té associat una sèrie d'indicadors que permeten la seva mida. Per valorar la qualitat s'utilitzen diferents eines proporcionades per EUROSTAT: els indicadors ja esmentats, l'autoavaluació inspirada en el model DESAP, la Revisió per homòlegs (Peer Review), les enquestes de satisfacció d'usuaris, i altres procediments d'avaluació.</Value></ReportedAttribute><ReportedAttribute conceptID="QUALITY_ASSMNT"><Value>L'any 2020 s'ha incorporat en l'informe anyal de qualitat la metodologia proposada per Eurostat dins del marc del “European Statistical System Peer Reviews”. Aquesta metodologia recull els aspectes qualitatius de l’aplicació dels principis estadístics recollits en la Llei 2/2013 de la funció estadística, així com el codi europeu de bones practiques estadístiques. De la seva aplicació se’n conclou la necessitat de dur a terme dues accions que han de permetre la millora de la majoria d’indicadors, i de retruc de la qualitat de les estadístiques produïdes o difoses.
L'any 2021 s'ha implemementat el Manual per la elaboració d'informes de qualitat i metadades a partir del qual s'han construit els conceptes i metadades necessaris per l'elaboració dels informes d'usuaris i productors.
La proposta de pla estadístic per el període 2022-2025 recomanada el desenvolupament de les activitats A229-Model gèneric del procès estadístic, basada en la metodologia GSBPM del grup de treball de l'ONU (Modern Stats), per l'analisi i seguiment del procès de conceptualització, produccció, analisi i difusió estadística, així com de l'activitat A230-Model genèric de la informació estadística, basada en la metodologia GSIM del grup de treball de l'ONU, per a l'organització i harmonització de la infromació produïda. Ambdues activitats s'han de dur a terme per el conjunt d'activitast del pla, durant els propers quatre anys.</Value></ReportedAttribute></ReportedAttribute>"><ReportedAttribute xmlns:xsi="http://www.w3.org/2001/XMLSchema-instance"><ReportedAttribute conceptID="USER_NEEDS"><Value>En termes generals, els usuaris tenen les necessitats d'obtenir els Key ouputs de cada estadística amb puntualitat i precisió a l'hora de la seva difusió, que aquestes es relacionin amb altres dades o poder tenir accés a les microdades.

L'obtenció d'informació sobre les necessitats dels usuaris i els usos per als quals es necessiten les dades s'aconsegueix mitjançant enquestes als grups d'usuaris, amb caràcter quadriennal amb l'objectiu de configurar els nous plans d'estadística.
Del tractament de les consultes dirigides al Departament d'estadística, així com de les conclusions del resultat dels treballs en projectes amb altres organismes, els integrants del departament ajusten la disponiblitat vigent, en funció de la qualitat de les  dades en registres administratius i enquestes, procediments interns, i el respecte del secret estadístic.</Value></ReportedAttribute><ReportedAttribute conceptID="USER_SAT"><Value>Es realitza una enquesta quadrianual per a saber el nivell de satisfacció dels usuaris on se'ls hi demana, per cada un dels àmbits estadístics, la freqüència d'ús de cada activitat estadística, la prioritat que desitja per cada activitat estadística, així com una valoració de l'adaptació de les estadístiques als principis de l'estadística oficial (Precisió i fiabilitat, Oportunitat i puntualitat, Coherència i comparabilitat, Accessibilitat i claredat i Rellevància). 

També s'avalua la satisfacció dels usuaris a través de les consultes que realitzen al DdE i amb el nombre d'accessos que realitzen al web.</Value></ReportedAttribute><ReportedAttribute conceptID="COMPLETENESS"><Value>El compliment de les variables incloses en el programa 2021 és del 100%.</Value></ReportedAttribute></ReportedAttribute>"><ReportedAttribute xmlns:xsi="http://www.w3.org/2001/XMLSchema-instance"><ReportedAttribute conceptID="ACCURACY_OVERALL"><Value>Informació d'origen administratiu, per la qual és tracta la totalitat dels registres.
La precisió dels resultats extrets s'avalua amb els controls de consistència interns de l'operació, i mitjançant el creuament amb els registres administratius.
El marc general és resoldre les incidències entre registres a la font d'origen de la informació</Value></ReportedAttribute><ReportedAttribute conceptID="SAMPLING_ERR"><Value>No aplicable a aquesta estadística, per tractar-se d'una estadística de síntesi, elaborada a partir d'altres fonts estadístiques, i no una enquesta per mostreig</Value></ReportedAttribute><ReportedAttribute conceptID="NONSAMPLING"><Value>No aplicable a aquesta estadística, per tractar-se d'una estadística de síntesi, elaborada a partir d'altres fonts estadístiques, i no una enquesta per mostreig</Value></ReportedAttribute></ReportedAttribute>"><ReportedAttribute xmlns:xsi="http://www.w3.org/2001/XMLSchema-instance"><ReportedAttribute conceptID="COMPAR_GEO"><Value>Les dades són comparables entre parròquies i entre la resta de països de la Unió Europea.</Value></ReportedAttribute><ReportedAttribute conceptID="COMPAR_TIME"><Value>Les sèries estadístiques són construïdes en base a la comparabilitat temporal.
Les revisions de dades impliquen una modificació dels valors històrics.
Les modificacions és registren en el capítol 17.</Value></ReportedAttribute><ReportedAttribute conceptID="COHER_X_DOM"><Value>Les metodologies aplicades vetllen per la comparabilitat entre operacions i/o registres administratius.</Value></ReportedAttribute><ReportedAttribute conceptID="COHER_INTERNAL"><Value>El conjunt de resultats és coherent internament.</Value></ReportedAttribute></ReportedAttribute>"><ReportedAttribute xmlns:xsi="http://www.w3.org/2001/XMLSchema-instance"><ReportedAttribute conceptID="REV_POLICY"><Value>El Departament d'Estadística manté una Política que regula els aspectes bàsics de la revisió de les dades estadístiques, garantitzant la transparència dels processos i la qualitat dels productes.
Tots els canvis de revisions de dades s'anuncien en l'apartat de "Notes" destinat a aquests efectes.
Les revisions de dades s'emmarquen en l'actualització de les dades d'origen, després dels períodes de provisionalitat definits, actualització de la comprabilitat interna o externa amb noves fonts o registres i noves activitats estadístiques.</Value></ReportedAttribute><ReportedAttribute conceptID="REV_PRACTICE"><Value>La revisió de dades provinents dels registres administratius s'ajusten i s'actualitzen en funció de la seva particularitat.</Value></ReportedAttribute></ReportedAttribute>"><ReportedAttribute xmlns:xsi="http://www.w3.org/2001/XMLSchema-instance"><ReportedAttribute conceptID="SOURCE_TYPE"><Value>Es tracta d'una estadística de síntesi, elaborada a partir de resultats procedents de diferents fonts. Dades d'origen provinents del Departament d'Agricultura.</Value></ReportedAttribute><ReportedAttribute conceptID="FREQ_COLL"><Value>Les dades es recullen una vegada a l'any.</Value></ReportedAttribute><ReportedAttribute conceptID="COLL_METHOD"><Value>Transcripció de document administratiu</Value></ReportedAttribute><ReportedAttribute conceptID="DATA_VALIDATION"><Value>Els processos de tractament de la infromació inclouen controls de coherència interna.
Els resultats i cohorts són contratstats amb fonts administratives externes.
L'analisi i publicació dels resultats inclou la validació de la coherència temporal.</Value></ReportedAttribute><ReportedAttribute conceptID="DATA_COMP"><Value>Una vegada es comprova la validesa del fitxer rebut, es recodifiquen i es transformen determinades variables. En una fase posterior es detecten i corregeixen les inconsistències entre variables. Finalitzada la depuració, s'obtenen variables derivades i taules de resultats.</Value></ReportedAttribute><ReportedAttribute conceptID="ADJUSTMENT"><Value>Les dades publicades al web no presenten cap ajustament estacional tot i que a les notes de premsa sí que es presenta gràficament aquest ajustament estacional.</Value></ReportedAttribute></ReportedAttribute>"><ReportedAttribute xmlns:xsi="http://www.w3.org/2001/XMLSchema-instance"><ReportedAttribute conceptID="COMMENT_DSET"><Value xsi:nil="true" xmlns:xsi="http://www.w3.org/2001/XMLSchema-instance" /></ReportedAttribute></ReportedAttribute>
    </genericmetadata:AttributeValueSet>
    </genericmetadata:MetadataSet>
</GenericMetadata>
